Sample__ID,Landcover,Hill_side,Scientific__name,Common_name_species,Native,Lat_ID,Long_ID
G1SB,Grassland,S,NA,NA,NA,NA,NA
G2NB,Grassland,N,NA,NA,NA,NA,NA
G3SB,Grassland,S,Cocos nucifera,Coconut,N,11.595006,124.546517
G4NB,Grassland,N,NA,NA,NA,NA,NA
E1SB,2 years old,S,Acacia mangium,Mangium,E,11.59773,124.550039
E2NB,2 years old,N,Acacia mangium,Mangium,E,11.597496,124.550941
E2NB,2 years old,N,Acacia mangium,Mangium,E,11.597496,124.550941
E2NB,2 years old,N,Acacia mangium,Mangium,E,11.597496,124.550941
E2NB,2 years old,N,Acacia mangium,Mangium,E,11.597496,124.550941
E2NB,2 years old,N,Acacia mangium,Mangium,E,11.597496,124.550941
E2NB,2 years old,N,Acacia mangium,Mangium,E,11.597496,124.550941
E3SB,2 years old,S,NA,NA,NA,NA,NA
E4NB,2 years old,N,Cocos nucifera,Coconut,N,11.598743,124.548431
E4NB,2 years old,N,Acacia mangium,Mangium,E,11.598743,124.548431
E4NB,2 years old,N,Acacia auriculiformis,Aure,E,11.598743,124.548431
E4NB,2 years old,N,Acacia mangium,Mangium,E,11.598743,124.548431
E4NB,2 years old,N,Acacia mangium,Mangium,E,11.598743,124.548431
E4NB,2 years old,N,Acacia mangium,Mangium,E,11.598743,124.548431
I1SB,10 years old,S,Acacia mangium,Mangium,E,11.590785,124.5368226
I1SB,10 years old,S,Acacia mangium,Mangium,E,11.590785,124.5368226
I1SB,10 years old,S,Acacia mangium,Mangium,E,11.590785,124.5368226
I1SB,10 years old,S,Cocos nucifera,Coconut,N,11.590785,124.5368226
I1SB,10 years old,S,Acacia mangium,Mangium,E,11.590785,124.5368226
I1SB,10 years old,S,Acacia mangium,Mangium,E,11.590785,124.5368226
I1SB,10 years old,S,Mallotus mollissimus ,Hanom-o,N,11.590785,124.5368226
I1SB,10 years old,S,Acacia mangium,Mangium,E,11.590785,124.5368226
I1SB,10 years old,S,Trema orientalis,Anabiong,N,11.590785,124.5368226
I1SB,10 years old,S,Acacia mangium,Mangium,E,11.590785,124.5368226
I1SB,10 years old,S,Acacia mangium,Mangium,E,11.590785,124.5368226
I1SB,10 years old,S,Acacia mangium,Mangium,E,11.590785,124.5368226
I1SB,10 years old,S,Acacia mangium,Mangium,E,11.590785,124.5368226
I1SB,10 years old,S,Acacia mangium,Mangium,E,11.590785,124.5368226
I1SB,10 years old,S,Acacia mangium,Mangium,E,11.590785,124.5368226
I1SB,10 years old,S,Acacia mangium,Mangium,E,11.590785,124.5368226
I1SB,10 years old,S,Acacia mangium,Mangium,E,11.590785,124.5368226
I1SB,10 years old,S,Acacia mangium,Mangium,E,11.590785,124.5368226
I2NB,10 years old,N,Acacia mangium,Mangium,E,11.591253,124.535819
I2NB,10 years old,N,Acacia mangium,Mangium,E,11.591253,124.535819
I2NB,10 years old,N,Acacia mangium,Mangium,E,11.591253,124.535819
I2NB,10 years old,N,Acacia mangium,Mangium,E,11.591253,124.535819
I2NB,10 years old,N,Acacia mangium,Mangium,E,11.591253,124.535819
I2NB,10 years old,N,Homalanthus populneus,Balanti,N,11.591253,124.535819
I2NB,10 years old,N,Ficus nota ,Tibig,N,11.591253,124.535819
I2NB,10 years old,N,Acacia mangium,Mangium,E,11.591253,124.535819
I2NB,10 years old,N,Acacia mangium,Mangium,E,11.591253,124.535819
I2NB,10 years old,N,Macaranga tanarius (Linn.),Minonga,N,11.591253,124.535819
I2NB,10 years old,N,Acacia mangium,Mangium,E,11.591253,124.535819
I2NB,10 years old,N,Acacia mangium,Mangium,E,11.591253,124.535819
I2NB,10 years old,N,Ficus nota ,Tibig,N,11.591253,124.535819
I2NB,10 years old,N,Acacia mangium,Mangium,E,11.591253,124.535819
I2NB,10 years old,N,Macaranga tanarius (Linn.),Minonga,N,11.591253,124.535819
I2NB,10 years old,N,Radermachera pinnata,Banai-banai,N,11.591253,124.535819
I2NB,10 years old,N,Macaranga tanarius (Linn.),Minonga,N,11.591253,124.535819
I2NB,10 years old,N,Acacia mangium,Mangium,E,11.591253,124.535819
I2NB,10 years old,N,Acacia mangium,Mangium,E,11.591253,124.535819
I2NB,10 years old,N,Acacia mangium,Mangium,E,11.591253,124.535819
I2NB,10 years old,N,Artocarpus blancoi,Antipolo,N,11.591253,124.535819
I2NB,10 years old,N,Ficus nota ,Tibig,N,11.591253,124.535819
I2NB,10 years old,N,Acacia mangium,Mangium,E,11.591253,124.535819
I2NB,10 years old,N,Acacia mangium,Mangium,E,11.591253,124.535819
I3SB,10 years old,S,Macaranga tanarius (Linn.),Minonga,N,11.591689,124.535514
I3SB,10 years old,S,Acacia mangium,Mangium,E,11.591689,124.535514
I3SB,10 years old,S,Acacia mangium,Mangium,E,11.591689,124.535514
I3SB,10 years old,S,Hibiscus tiliaceus,Malabago,N,11.591689,124.535514
I3SB,10 years old,S,Macaranga tanarius (Linn.),Minonga,N,11.591689,124.535514
I3SB,10 years old,S,Macaranga tanarius (Linn.),Minonga,N,11.591689,124.535514
I3SB,10 years old,S,Acacia mangium,Mangium,E,11.591689,124.535514
I3SB,10 years old,S,Acacia mangium,Mangium,E,11.591689,124.535514
I3SB,10 years old,S,Acacia mangium,Mangium,E,11.591689,124.535514
I3SB,10 years old,S,Acacia mangium,Mangium,E,11.591689,124.535514
I3SB,10 years old,S,Macaranga tanarius (Linn.),Minonga,N,11.591689,124.535514
I3SB,10 years old,S,Cocos nucifera,Coconut,N,11.591689,124.535514
I3SB,10 years old,S,Acacia mangium,Mangium,E,11.591689,124.535514
I3SB,10 years old,S,Acacia mangium,Mangium,E,11.591689,124.535514
I3SB,10 years old,S,Acacia mangium,Mangium,E,11.591689,124.535514
I3SB,10 years old,S,Macaranga tanarius (Linn.),Minonga,N,11.591689,124.535514
I3SB,10 years old,S,Macaranga tanarius (Linn.),Minonga,N,11.591689,124.535514
I3SB,10 years old,S,Acacia mangium,Mangium,E,11.591689,124.535514
I3SB,10 years old,S,Macaranga tanarius (Linn.),Minonga,N,11.591689,124.535514
I3SB,10 years old,S,Macaranga tanarius (Linn.),Minonga,N,11.591689,124.535514
I3SB,10 years old,S,Macaranga tanarius (Linn.),Minonga,N,11.591689,124.535514
I3SB,10 years old,S,Hibiscus tiliaceus,Malabago,N,11.591689,124.535514
I3SB,10 years old,S,Hibiscus tiliaceus,Malabago,N,11.591689,124.535514
I3SB,10 years old,S,Hibiscus tiliaceus,Malabago,N,11.591689,124.535514
I3SB,10 years old,S,"Musa acuminata, Musa balbisiana (Musa spp.)",Banana,N,11.591689,124.535514
I3SB,10 years old,S,"Musa acuminata, Musa balbisiana (Musa spp.)",Banana,N,11.591689,124.535514
I3SB,10 years old,S,"Musa acuminata, Musa balbisiana (Musa spp.)",Banana,N,11.591689,124.535514
I3SB,10 years old,S,Macaranga tanarius (Linn.),Minonga,N,11.591689,124.535514
I3SB,10 years old,S,Hibiscus tiliaceus,Malabago,N,11.591689,124.535514
I3SB,10 years old,S,Acacia mangium,Mangium,E,11.591689,124.535514
I3SB,10 years old,S,Ficus congesta,Malatibig,E,11.591689,124.535514
I4NB,10 years old,N,Homalanthus populneus?,Balanti,N,11.59143,124.535482
I4NB,10 years old,N,Acacia mangium,Mangium,E,11.59143,124.535482
I4NB,10 years old,N,Acacia mangium,Mangium,E,11.59143,124.535482
I4NB,10 years old,N,Acacia mangium,Mangium,E,11.59143,124.535482
I4NB,10 years old,N,Macaranga tanarius (Linn.),Minonga,N,11.59143,124.535482
I4NB,10 years old,N,Ficus nota ,Tibig,N,11.59143,124.535482
I4NB,10 years old,N,Acacia mangium,Mangium,E,11.59143,124.535482
I4NB,10 years old,N,Acacia mangium,Mangium,E,11.59143,124.535482
I4NB,10 years old,N,Acacia mangium,Mangium,E,11.59143,124.535482
I4NB,10 years old,N,Macaranga tanarius (Linn.),Minonga,N,11.59143,124.535482
I4NB,10 years old,N,Acacia mangium,Mangium,E,11.59143,124.535482
I4NB,10 years old,N,Acacia mangium,Mangium,E,11.59143,124.535482
I4NB,10 years old,N,Acacia mangium,Mangium,E,11.59143,124.535482
I4NB,10 years old,N,Ficus nota ,Tibig,N,11.59143,124.535482
I4NB,10 years old,N,Acacia mangium,Mangium,E,11.59143,124.535482
I4NB,10 years old,N,Acacia mangium,Mangium,E,11.59143,124.535482
I4NB,10 years old,N,Acacia mangium,Mangium,E,11.59143,124.535482
I4NB,10 years old,N,Acacia mangium,Mangium,E,11.59143,124.535482
I4NB,10 years old,N,Acacia mangium,Mangium,E,11.59143,124.535482
I4NB,10 years old,N,Ficus heteropoda,Alangas,N,11.59143,124.535482
I4NB,10 years old,N,Acacia mangium,Mangium,E,11.59143,124.535482
I4NB,10 years old,N,Acacia mangium,Mangium,E,11.59143,124.535482
I4NB,10 years old,N,Acacia mangium,Mangium,E,11.59143,124.535482
O1SB,24 years old,S,Acacia mangium,Mangium,E,11.59324,124.537684
O1SB,24 years old,S,Artocarpus nitidus (A. lamellosus) ,Kubi,N,11.59324,124.537684
O1SB,24 years old,S,Gmelina Arborea,Gmelina Arboria,E,11.59324,124.537684
O1SB,24 years old,S,Pterocymbium tinctorium,Taluto,E,11.59324,124.537684
O1SB,24 years old,S,Ficus nota ,Tibig,N,11.59324,124.537684
O1SB,24 years old,S,Gmelina Arborea,Gmelina Arboria,E,11.59324,124.537684
O1SB,24 years old,S,Commersonia bartramina (L.) Merr.,Suyapao,N,11.59324,124.537684
O1SB,24 years old,S,Acacia mangium,Mangium,E,11.59324,124.537684
O1SB,24 years old,S,Gmelina Arborea,Gmelina Arboria,E,11.59324,124.537684
O1SB,24 years old,S,"Musa acuminata, Musa balbisiana (Musa spp.)",Banana,N,11.59324,124.537684
O1SB,24 years old,S,"Musa acuminata, Musa balbisiana (Musa spp.)",Banana,N,11.59324,124.537684
O1SB,24 years old,S,Gmelina Arborea,Gmelina Arboria,E,11.59324,124.537684
O1SB,24 years old,S,Gmelina Arborea,Gmelina Arboria,E,11.59324,124.537684
O1SB,24 years old,S,Acacia mangium,Mangium,E,11.59324,124.537684
O1SB,24 years old,S,Acacia mangium,Mangium,E,11.59324,124.537684
O1SB,24 years old,S,Gmelina Arborea,Gmelina Arboria,E,11.59324,124.537684
O1SB,24 years old,S,Homalanthus populneus,Balanti,N,11.59324,124.537684
O1SB,24 years old,S,Gmelina Arborea,Gmelina Arboria,E,11.59324,124.537684
O1SB,24 years old,S,Gmelina Arborea,Gmelina Arboria,E,11.59324,124.537684
O1SB,24 years old,S,Homalanthus populneus,Balanti,N,11.59324,124.537684
O1SB,24 years old,S,Homalanthus populneus,Balanti,N,11.59324,124.537684
O2NB,24 years old,N,Ficus latsoni,Tangilang Layugan,N,11.594358,124.538137
O2NB,24 years old,N,Leucyosyke capitellata,Anagasi,N,11.594358,124.538137
O2NB,24 years old,N,Macaranga tanarius (Linn.),Binonga,N,11.594358,124.538137
O2NB,24 years old,N,Dendrocnide meyeniana,Lipang kalaban,N,11.594358,124.538137
O2NB,24 years old,N,Dendrocnide meyeniana,Lipang kalaban,N,11.594358,124.538137
O2NB,24 years old,N,Gmelina Arborea,Gmelina Arboria,E,11.594358,124.538137
O2NB,24 years old,N,Artocarpus nitidus (A. lamellosus) ,Kubi,N,11.594358,124.538137
O2NB,24 years old,N,Macaranga tanarius (Linn.),Binonga,N,11.594358,124.538137
O2NB,24 years old,N,Leucyosyke capitellata,Anagasi,N,11.594358,124.538137
O2NB,24 years old,N,Macaranga tanarius (Linn.),Binonga,N,11.594358,124.538137
O2NB,24 years old,N,Leucyosyke capitellata,Anagasi,N,11.594358,124.538137
O2NB,24 years old,N,Leucyosyke capitellata,Anagasi,N,11.594358,124.538137
O2NB,24 years old,N,Leucyosyke capitellata,Anagasi,N,11.594358,124.538137
O2NB,24 years old,N,Macaranga tanarius (Linn.),Binonga,N,11.594358,124.538137
O2NB,24 years old,N,Macaranga tanarius (Linn.),Binonga,N,11.594358,124.538137
O2NB,24 years old,N,Macaranga tanarius (Linn.),Binonga,N,11.594358,124.538137
O2NB,24 years old,N,Macaranga tanarius (Linn.),Binonga,N,11.594358,124.538137
O2NB,24 years old,N,Macaranga tanarius (Linn.),Binonga,N,11.594358,124.538137
O2NB,24 years old,N,Gmelina Arborea,Gmelina Arboria,E,11.594358,124.538137
O2NB,24 years old,N,Macaranga tanarius (Linn.),Binonga,N,11.594358,124.538137
O2NB,24 years old,N,Dendrocnide meyeniana,Lipang kalaban,N,11.594358,124.538137
O2NB,24 years old,N,Gmelina Arborea,Gmelina Arboria,E,11.594358,124.538137
O2NB,24 years old,N,"Musa acuminata, Musa balbisiana (Musa spp.)",Banana,N,11.594358,124.538137
O2NB,24 years old,N,Dendrocnide meyeniana,Lipang kalaban,N,11.594358,124.538137
O2NB,24 years old,N,Macaranga tanarius (Linn.),Binonga,N,11.594358,124.538137
O2NB,24 years old,N,Gmelina Arborea,Gmelina Arboria,E,11.594358,124.538137
O2NB,24 years old,N,Gmelina Arborea,Gmelina Arboria,E,11.594358,124.538137
O2NB,24 years old,N,"Musa acuminata, Musa balbisiana (Musa spp.)",Banana,N,11.594358,124.538137
O2NB,24 years old,N,"Musa acuminata, Musa balbisiana (Musa spp.)",Banana,N,11.594358,124.538137
O2NB,24 years old,N,"Musa acuminata, Musa balbisiana (Musa spp.)",Banana,N,11.594358,124.538137
O2NB,24 years old,N,"Musa acuminata, Musa balbisiana (Musa spp.)",Banana,N,11.594358,124.538137
O2NB,24 years old,N,Pipturus arborescens,Dalunot,N,11.594358,124.538137
O2NB,24 years old,N,"Musa acuminata, Musa balbisiana (Musa spp.)",Banana,N,11.594358,124.538137
O2NB,24 years old,N,"Musa acuminata, Musa balbisiana (Musa spp.)",Banana,N,11.594358,124.538137
O2NB,24 years old,N,Macaranga tanarius (Linn.),Binonga,N,11.594358,124.538137
O2NB,24 years old,N,Unknown,Unknown,NA,11.594358,124.538137
O2NB,24 years old,N,Gmelina Arborea,Gmelina Arboria,E,11.594358,124.538137
O2NB,24 years old,N,Macaranga tanarius (Linn.),Binonga,N,11.594358,124.538137
O2NB,24 years old,N,Leucyosyke capitellata,Anagasi,N,11.594358,124.538137
O2NB,24 years old,N,Gmelina Arborea,Gmelina Arboria,E,11.594358,124.538137
O2NB,24 years old,N,Leucyosyke capitellata,Anagasi,N,11.594358,124.538137
O2NB,24 years old,N,Leucyosyke capitellata,Anagasi,N,11.594358,124.538137
O2NB,24 years old,N,"Musa acuminata, Musa balbisiana (Musa spp.)",Banana,N,11.594358,124.538137
O2NB,24 years old,N,Pipturus arborescens,Dalunot,N,11.594358,124.538137
O2NB,24 years old,N,Pipturus arborescens,Dalunot,N,11.594358,124.538137
O2NB,24 years old,N,Ficus heteropoda,Alangas,N,11.594358,124.538137
O2NB,24 years old,N,Pipturus arborescens,Dalunot,N,11.594358,124.538137
O2NB,24 years old,N,Macaranga tanarius (Linn.),Binonga,N,11.594358,124.538137
O3SB,24 years old,S,Acacia mangium,Mangium,E,11.59892,124.546225
O3SB,24 years old,S,Mallotus mollissimus ,Hanom-o,N,11.59892,124.546225
O3SB,24 years old,S,Acacia mangium,Mangium,E,11.59892,124.546225
O3SB,24 years old,S,Acacia mangium,Mangium,E,11.59892,124.546225
O3SB,24 years old,S,Acacia mangium,Mangium,E,11.59892,124.546225
O3SB,24 years old,S,Acacia mangium,Mangium,E,11.59892,124.546225
O3SB,24 years old,S,Acacia mangium,Mangium,E,11.59892,124.546225
O3SB,24 years old,S,Acacia mangium,Mangium,E,11.59892,124.546225
O3SB,24 years old,S,Acacia mangium,Mangium,E,11.59892,124.546225
O3SB,24 years old,S,Acacia mangium,Mangium,E,11.59892,124.546225
O3SB,24 years old,S,Mallotus mollissimus ,Hanom-o,N,11.59892,124.546225
O3SB,24 years old,S,Psydrax dicoccos Gaertn.,Bagosalak,E,11.59892,124.546225
O3SB,24 years old,S,Homalanthus populneus,Balanti,N,11.59892,124.546225
O3SB,24 years old,S,Radermachera pinnata,Banai-banai,N,11.59892,124.546225
O3SB,24 years old,S,Macaranga tanarius (Linn.),Minonga,N,11.59892,124.546225
O3SB,24 years old,S,Hibiscus tiliaceus,Malabago,N,11.59892,124.546225
O3SB,24 years old,S,Hibiscus tiliaceus,Malabago,N,11.59892,124.546225
O3SB,24 years old,S,Acacia mangium,Mangium,E,11.59892,124.546225
O3SB,24 years old,S,Vitex quinate ,Kulipapa,N,11.59892,124.546225
O3SB,24 years old,S,Commersonia bartramina (L.) Merr.,Suyapao,N,11.59892,124.546225
O3SB,24 years old,S,Acacia mangium,Mangium,E,11.59892,124.546225
O3SB,24 years old,S,Breynia vitis-idaea,Tulog-tulog,N,11.59892,124.546225
O3SB,24 years old,S,Mallotus mollissimus ,Hanom-o,N,11.59892,124.546225
O3SB,24 years old,S,Psydrax dicoccos Gaertn.,Bagosalak,E,11.59892,124.546225
O3SB,24 years old,S,Leucyosyke capitellata,Anagasi,N,11.59892,124.546225
O3SB,24 years old,S,Acacia mangium,Mangium,E,11.59892,124.546225
O3SB,24 years old,S,Acacia mangium,Mangium,E,11.59892,124.546225
O3SB,24 years old,S,Acacia mangium,Mangium,E,11.59892,124.546225
O3SB,24 years old,S,Radermachera pinnata?,Banai-banai,N,11.59892,124.546225
O3SB,24 years old,S,Acacia mangium,Mangium,E,11.59892,124.546225
O3SB,24 years old,S,Mallotus mollissimus ,Hanom-o,N,11.59892,124.546225
O3SB,24 years old,S,Homalanthus populneus,Balanti,N,11.59892,124.546225
O3SB,24 years old,S,Homalanthus populneus,Balanti,N,11.59892,124.546225
O3SB,24 years old,S,Alstonia scholaris,Dita,N,11.59892,124.546225
O3SB,24 years old,S,Mallotus mollissimus ,Hanom-o,N,11.59892,124.546225
O3SB,24 years old,S,Psydrax dicoccos Gaertn.,Bagosalak,E,11.59892,124.546225
O3SB,24 years old,S,Radermachera pinnata,Banai-banai,N,11.59892,124.546225
O3SB,24 years old,S,Acacia mangium,Mangium,E,11.59892,124.546225
O3SB,24 years old,S,Artocarpus blancoi,Antipolo,N,11.59892,124.546225
O3SB,24 years old,S,Acacia mangium,Mangium,E,11.59892,124.546225
O3SB,24 years old,S,Acacia mangium,Mangium,E,11.59892,124.546225
O3SB,24 years old,S,Acacia mangium,Mangium,E,11.59892,124.546225
O3SB,24 years old,S,Acacia mangium,Mangium,E,11.59892,124.546225
O4NB,24 years old,N,Leucaena leucocephala?,Ipil ipil,E,11.598297,124.5453
O4NB,24 years old,N,Mallotus mollissimus ,Hanom-o,N,11.598297,124.5453
O4NB,24 years old,N,Mallotus mollissimus ,Hanom-o,N,11.598297,124.5453
O4NB,24 years old,N,Macaranga tanarius (Linn.),Minonga,N,11.598297,124.5453
O4NB,24 years old,N,Homalanthus populneus,Balanti,N,11.598297,124.5453
O4NB,24 years old,N,Artocarpus blancoi,Antipolo,N,11.598297,124.5453
O4NB,24 years old,N,Cocos nucifera,Coconut,N,11.598297,124.5453
O4NB,24 years old,N,Alstonia scholaris,Dita,N,11.598297,124.5453
O4NB,24 years old,N,Leucaena leucocephala,Ipil ipil,E,11.598297,124.5453
O4NB,24 years old,N,Macaranga tanarius (Linn.),Minonga,N,11.598297,124.5453
O4NB,24 years old,N,Cocos nucifera,Coconut,N,11.598297,124.5453
O4NB,24 years old,N,Mallotus mollissimus ,Hanom-o,N,11.598297,124.5453
O4NB,24 years old,N,Leucaena leucocephala,Ipil ipil,E,11.598297,124.5453
O4NB,24 years old,N,Leucaena leucocephala,Ipil ipil,E,11.598297,124.5453
O4NB,24 years old,N,Macaranga tanarius (Linn.),Minonga,N,11.598297,124.5453
O4NB,24 years old,N,Artocarpus blancoi,Antipolo,N,11.598297,124.5453
O4NB,24 years old,N,Macaranga tanarius (Linn.),Minonga,N,11.598297,124.5453
O4NB,24 years old,N,Alstonia scholaris,Dita,N,11.598297,124.5453
O4NB,24 years old,N,Alstonia scholaris,Dita,N,11.598297,124.5453
O4NB,24 years old,N,Macaranga tanarius (Linn.),Minonga,N,11.598297,124.5453
O4NB,24 years old,N,Artocarpus nitidus (A. lamellosus) ,Kubi,N,11.598297,124.5453
O4NB,24 years old,N,Artocarpus nitidus (A. lamellosus) ,Kubi,N,11.598297,124.5453
O4NB,24 years old,N,Mallotus mollissimus ,Hanom-o,N,11.598297,124.5453
O4NB,24 years old,N,Mallotus mollissimus ,Hanom-o,N,11.598297,124.5453
O4NB,24 years old,N,Artocarpus blancoi,Antipolo,N,11.598297,124.5453
O4NB,24 years old,N,Acacia mangium,Mangium,E,11.598297,124.5453
O4NB,24 years old,N,Homalanthus populneus,Balanti,N,11.598297,124.5453
O4NB,24 years old,N,Pipturus arborescens,Dalunot,N,11.598297,124.5453
O4NB,24 years old,N,Artocarpus blancoi,Antipolo,N,11.598297,124.5453
R1SB,Remnant,S,Ficus pseudopalma,Lubi lubi palm,N,11.598539,124.538384
R1SB,Remnant,S,Myristica philippinensis,Duguan,N,11.598539,124.538384
R1SB,Remnant,S,Sindora Supa,Supa,N,11.598539,124.538384
R1SB,Remnant,S,Cinnamomum mercadoi,Kalingan,N,11.598539,124.538384
R1SB,Remnant,S,Caryota rumphiana,Pugahan,E,11.598539,124.538384
R1SB,Remnant,S,Cinnamomum mercadoi,Kalingan,N,11.598539,124.538384
R1SB,Remnant,S,Lithocarpus celebicus,Ulaian,N,11.598539,124.538384
R1SB,Remnant,S,Diplodiscus paniculatus,Balubo,N,11.598539,124.538384
R1SB,Remnant,S,Sindora Supa,Supa,N,11.598539,124.538384
R1SB,Remnant,S,Diospyros blancoi,Kamagong,N,11.598539,124.538384
R1SB,Remnant,S,Shorea contorta,Lauan,N,11.598539,124.538384
R1SB,Remnant,S,Cinnamomum mercadoi,Kalingan,N,11.598539,124.538384
R1SB,Remnant,S,Cinnamomum mercadoi,Kalingan,N,11.598539,124.538384
R1SB,Remnant,S,Ficus variegata,Tangisang bayawak,E,11.598539,124.538384
R1SB,Remnant,S,Vitex quinate ,Kulipapa,N,11.598539,124.538384
R1SB,Remnant,S,Vitex quinate ,Kulipapa,N,11.598539,124.538384
R1SB,Remnant,S,Ficus pseudopalma,Lubi lubi palm,N,11.598539,124.538384
R1SB,Remnant,S,Pipturus arborescens,Dalunot,N,11.598539,124.538384
R1SB,Remnant,S,Sindora Supa,Supa,N,11.598539,124.538384
R1SB,Remnant,S,Vitex quinate ,Kulipapa,N,11.598539,124.538384
R1SB,Remnant,S,Ficus pseudopalma,Lubi lubi palm,N,11.598539,124.538384
R1SB,Remnant,S,Lithocarpus celebicus,Ulaian,N,11.598539,124.538384
R1SB,Remnant,S,Ficus pseudopalma,Lubi lubi palm,N,11.598539,124.538384
R1SB,Remnant,S,Lithocarpus celebicus,Ulaian,N,11.598539,124.538384
R1SB,Remnant,S,Ficus pseudopalma,Lubi lubi palm,N,11.598539,124.538384
R1SB,Remnant,S,Ficus pseudopalma,Lubi lubi palm,N,11.598539,124.538384
R1SB,Remnant,S,Ficus pseudopalma,Lubi lubi palm,N,11.598539,124.538384
R1SB,Remnant,S,Ficus pseudopalma,Lubi lubi palm,N,11.598539,124.538384
R1SB,Remnant,S,Ficus pseudopalma,Lubi lubi palm,N,11.598539,124.538384
R1SB,Remnant,S,Calophyllum blancoi,Bitang hol,N,11.598539,124.538384
R1SB,Remnant,S,Ficus pseudopalma,Lubi lubi palm,N,11.598539,124.538384
R1SB,Remnant,S,Lithocarpus celebicus,Ulaian,N,11.598539,124.538384
R1SB,Remnant,S,Ficus pseudopalma,Lubi lubi palm,N,11.598539,124.538384
R1SB,Remnant,S,Ficus pseudopalma,Lubi lubi palm,N,11.598539,124.538384
R1SB,Remnant,S,Ficus pseudopalma,Lubi lubi palm,N,11.598539,124.538384
R1SB,Remnant,S,Glochidion camiguinense ,Bunot,N,11.598539,124.538384
R1SB,Remnant,S,Radermachera pinnata,Banai-banai,N,11.598539,124.538384
R1SB,Remnant,S,Polyscias nodosa ,Malapapaya,N,11.598539,124.538384
R1SB,Remnant,S,Glochidion camiguinense ,Bunot,N,11.598539,124.538384
R1SB,Remnant,S,Vitex quinate ,Kulipapa,N,11.598539,124.538384
R1SB,Remnant,S,Ficus pseudopalma,Lubi lubi palm,N,11.598539,124.538384
R1SB,Remnant,S,Lithocarpus celebicus,Ulaian,N,11.598539,124.538384
R1SB,Remnant,S,Alstonia scholaris,Dita,N,11.598539,124.538384
R1SB,Remnant,S,Vitex quinate ,Kulipapa,N,11.598539,124.538384
R1SB,Remnant,S,Ficus pseudopalma,Lubi lubi palm,N,11.598539,124.538384
R1SB,Remnant,S,Lithocarpus celebicus,Ulaian,N,11.598539,124.538384
R1SB,Remnant,S,Vitex quinate ,Kulipapa,N,11.598539,124.538384
R1SB,Remnant,S,Glochidion camiguinense ,Bunot,N,11.598539,124.538384
R1SB,Remnant,S,Lithocarpus celebicus,Ulaian,N,11.598539,124.538384
R1SB,Remnant,S,Lithocarpus celebicus,Ulaian,N,11.598539,124.538384
R1SB,Remnant,S,Lithocarpus celebicus,Ulaian,N,11.598539,124.538384
R1SB,Remnant,S,Lithocarpus celebicus,Ulaian,N,11.598539,124.538384
R1SB,Remnant,S,Lithocarpus celebicus,Ulaian,N,11.598539,124.538384
R1SB,Remnant,S,Cratoxylum sumatranum,Paguringon,N,11.598539,124.538384
R1SB,Remnant,S,Morinda citrifolia,Noni,E,11.598539,124.538384
R1SB,Remnant,S,Lithocarpus celebicus,Ulaian,N,11.598539,124.538384
R1SB,Remnant,S,Morinda citrifolia,Noni,E,11.598539,124.538384
R1SB,Remnant,S,Vitex quinate ,Kulipapa,N,11.598539,124.538384
R1SB,Remnant,S,Vitex quinate ,Kulipapa,N,11.598539,124.538384
R1SB,Remnant,S,Calophyllum blancoi,Bitang hol,N,11.598539,124.538384
R1SB,Remnant,S,Lithocarpus celebicus,Ulaian,N,11.598539,124.538384
R1SB,Remnant,S,Vitex quinate ,Kulipapa,N,11.598539,124.538384
R1SB,Remnant,S,Lithocarpus celebicus,Ulaian,N,11.598539,124.538384
R1SB,Remnant,S,Lithocarpus celebicus,Ulaian,N,11.598539,124.538384
R1SB,Remnant,S,Myristica philippinensis,Duguan,N,11.598539,124.538384
R2NB,Remnant,N,"Musa acuminata, Musa balbisiana (Musa spp.)",Banana,N,11.598478,124.539405
R2NB,Remnant,N,"Musa acuminata, Musa balbisiana (Musa spp.)",Banana,N,11.598478,124.539405
R2NB,Remnant,N,"Musa acuminata, Musa balbisiana (Musa spp.)",Banana,N,11.598478,124.539405
R2NB,Remnant,N,"Musa acuminata, Musa balbisiana (Musa spp.)",Banana,N,11.598478,124.539405
R2NB,Remnant,N,Leucyosyke capitellata,Anagasi,N,11.598478,124.539405
R2NB,Remnant,N,Pipturus arborescens,Dalunot,N,11.598478,124.539405
R2NB,Remnant,N,Dendrocnide meyeniana,Lipang kalaban,N,11.598478,124.539405
R2NB,Remnant,N,Pipturus arborescens,Dalunot,N,11.598478,124.539405
R2NB,Remnant,N,Dendrocnide meyeniana,Lipang kalaban,N,11.598478,124.539405
R2NB,Remnant,N,Pipturus arborescens,Dalunot,N,11.598478,124.539405
R2NB,Remnant,N,Pipturus arborescens,Dalunot,N,11.598478,124.539405
R2NB,Remnant,N,Pipturus arborescens,Dalunot,N,11.598478,124.539405
R2NB,Remnant,N,Dendrocnide meyeniana,Lipang kalaban,N,11.598478,124.539405
R2NB,Remnant,N,Dendrocnide meyeniana,Lipang kalaban,N,11.598478,124.539405
R2NB,Remnant,N,Pipturus arborescens,Dalunot,N,11.598478,124.539405
R2NB,Remnant,N,Radermachera pinnata,Banai-banai,N,11.598478,124.539405
R2NB,Remnant,N,Pipturus arborescens,Dalunot,N,11.598478,124.539405
R2NB,Remnant,N,Pipturus arborescens,Dalunot,N,11.598478,124.539405
R2NB,Remnant,N,Caryota rumphiana,Pugahan,E,11.598478,124.539405
R2NB,Remnant,N,Pipturus arborescens,Dalunot,N,11.598478,124.539405
R2NB,Remnant,N,Radermachera pinnata,Banai-banai,N,11.598478,124.539405
R2NB,Remnant,N,Dendrocnide meyeniana,Lipang kalaban,N,11.598478,124.539405
R2NB,Remnant,N,Radermachera pinnata,Banai-banai,N,11.598478,124.539405
R2NB,Remnant,N,Pipturus arborescens,Dalunot,N,11.598478,124.539405
R2NB,Remnant,N,Pipturus arborescens,Dalunot,N,11.598478,124.539405
R2NB,Remnant,N,Angiopteris evecta ,Tree fern,E,11.598478,124.539405
R2NB,Remnant,N,Fagrea racemosa ,Malacape,E,11.598478,124.539405
R2NB,Remnant,N,Pipturus arborescens,Dalunot,N,11.598478,124.539405
R2NB,Remnant,N,Pipturus arborescens,Dalunot,N,11.598478,124.539405
R2NB,Remnant,N,Mallotus philippensis,Banato,N,11.598478,124.539405
R2NB,Remnant,N,Ficus heteropoda,Alangas,N,11.598478,124.539405
R2NB,Remnant,N,Ficus pseudopalma,Lubi lubi palm,N,11.598478,124.539405
R2NB,Remnant,N,Lithocarpus celebicus,Ulaian,N,11.598478,124.539405
R2NB,Remnant,N,Vitex quinate ,Kulipapa,N,11.598478,124.539405
R2NB,Remnant,N,Garcinia ituman,Ituman,N,11.598478,124.539405
R2NB,Remnant,N,Ficus balete,Dakitan (or Pakitan),N,11.598478,124.539405
R2NB,Remnant,N,Leea aculeata,Amamali,N,11.598478,124.539405
R2NB,Remnant,N,Leucyosyke capitellata,Anagasi,N,11.598478,124.539405
R2NB,Remnant,N,Dendrocnide meyeniana,Lipang kalaban,N,11.598478,124.539405
R2NB,Remnant,N,"Musa acuminata, Musa balbisiana (Musa spp.)",Banana,N,11.598478,124.539405
R2NB,Remnant,N,Ficus heteropoda,Alangas,N,11.598478,124.539405
R3SB,Remnant,S,Ficus ulmifolia,Is is,N,11.599125,124.544354
R3SB,Remnant,S,Polyscias nodosa ,Malapapaya,N,11.599125,124.544354
R3SB,Remnant,S,Leucyosyke capitellata,Anagasi,N,11.599125,124.544354
R3SB,Remnant,S,Morinda citrifolia,Noni,E,11.599125,124.544354
R3SB,Remnant,S,Unknown,Unknown,NA,11.599125,124.544354
R3SB,Remnant,S,Artocarpus blancoi,Antipolo,N,11.599125,124.544354
R3SB,Remnant,S,Calamus rotang,Rattan,E,11.599125,124.544354
R3SB,Remnant,S,Macaranga tanarius (Linn.),Binonga,N,11.599125,124.544354
R3SB,Remnant,S,Macaranga tanarius (Linn.),Binonga,N,11.599125,124.544354
R3SB,Remnant,S,Tabernaemontana pandacaqui,Pandakaki,E,11.599125,124.544354
R3SB,Remnant,S,Calamus rotang,Rattan,E,11.599125,124.544354
R3SB,Remnant,S,Cocos nucifera,Coconut,N,11.599125,124.544354
R3SB,Remnant,S,Alstonia scholaris,Dita,N,11.599125,124.544354
R3SB,Remnant,S,Artocarpus nitidus (A. lamellosus) ,Kubi,N,11.599125,124.544354
R3SB,Remnant,S,Artocarpus blancoi,Antipolo,N,11.599125,124.544354
R3SB,Remnant,S,Polyscias nodosa ,Malapapaya,N,11.599125,124.544354
R3SB,Remnant,S,Acacia mangium,Mangium,E,11.599125,124.544354
R3SB,Remnant,S,Morinda citrifolia,Noni,E,11.599125,124.544354
R3SB,Remnant,S,Acacia mangium,Mangium,E,11.599125,124.544354
R3SB,Remnant,S,Macaranga tanarius (Linn.),Binonga,N,11.599125,124.544354
R4NB,Remnant,N,Artocarpus blancoi,Antipolo,N,11.59945,124.543657
R4NB,Remnant,N,Artocarpus blancoi,Antipolo,N,11.59945,124.543657
R4NB,Remnant,N,Flueggea flexuosa,Anislag,N,11.59945,124.543657
R4NB,Remnant,N,Cocos nucifera,Coconut,N,11.59945,124.543657
R4NB,Remnant,N,Sandoricum vidalii ,Santol,N,11.59945,124.543657
R4NB,Remnant,N,Artocarpus nitidus (A. lamellosus) ,Kubi,N,11.59945,124.543657
R4NB,Remnant,N,Syzigium huchinsonii,Malatambis,N,11.59945,124.543657
R4NB,Remnant,N,Radermachera pinnata,Banai-banai,N,11.59945,124.543657
R4NB,Remnant,N,Psydrax dicoccos Gaertn.,Bagosalak,E,11.59945,124.543657
R4NB,Remnant,N,Flueggea flexuosa,Anislag,N,11.59945,124.543657
R4NB,Remnant,N,Caryota rumphiana,Pugahan,E,11.59945,124.543657
R4NB,Remnant,N,Syzigium huchinsonii,Malatambis,N,11.59945,124.543657
R4NB,Remnant,N,Cananga odorata,Ilang-Ilang,N,11.59945,124.543657
R4NB,Remnant,N,Cratoxylum sumatranum,Paguringon,N,11.59945,124.543657
R4NB,Remnant,N,Macaranga tanarius (Linn.),Binonga,N,11.59945,124.543657
R4NB,Remnant,N,Polyscias nodosa ,Malapapaya,N,11.59945,124.543657
R4NB,Remnant,N,Polyscias nodosa ,Malapapaya,N,11.59945,124.543657
R4NB,Remnant,N,Polyscias nodosa ,Malapapaya,N,11.59945,124.543657
R4NB,Remnant,N,Macaranga tanarius (Linn.),Binonga,N,11.59945,124.543657
R4NB,Remnant,N,Radermachera pinnata,Banai-banai,N,11.59945,124.543657
R4NB,Remnant,N,Fagrea racemosa ,Malacape,E,11.59945,124.543657
R4NB,Remnant,N,Macaranga tanarius (Linn.),Binonga,N,11.59945,124.543657
R4NB,Remnant,N,Artocarpus blancoi,Antipolo,N,11.59945,124.543657
R4NB,Remnant,N,Syzigium huchinsonii,Malatambis,N,11.59945,124.543657
R4NB,Remnant,N,Polyscias nodosa ,Malapapaya,N,11.59945,124.543657
R4NB,Remnant,N,Artocarpus nitidus (A. lamellosus) ,Kubi,N,11.59945,124.543657
R4NB,Remnant,N,Homalanthus populneus,Balanti,N,11.59945,124.543657
R4NB,Remnant,N,Homalanthus populneus,Balanti,N,11.59945,124.543657
R4NB,Remnant,N,Ficus nota ,Tibig,N,11.59945,124.543657
R4NB,Remnant,N,Ficus congesta,Malatibig,E,11.59945,124.543657
R4NB,Remnant,N,Macaranga tanarius (Linn.),Binonga,N,11.59945,124.543657
R4NB,Remnant,N,Artocarpus nitidus (A. lamellosus) ,Kubi,N,11.59945,124.543657
R4NB,Remnant,N,Artocarpus blancoi,Antipolo,N,11.59945,124.543657
R4NB,Remnant,N,Cratoxylum sumatranum,Paguringon,N,11.59945,124.543657
R4NB,Remnant,N,Cratoxylum sumatranum,Paguringon,N,11.59945,124.543657
R4NB,Remnant,N,Artocarpus blancoi,Antipolo,N,11.59945,124.543657
R4NB,Remnant,N,Cocos nucifera,Coconut,N,11.59945,124.543657
R4NB,Remnant,N,Polyscias nodosa ,Malapapaya,N,11.59945,124.543657
R4NB,Remnant,N,Dendrocnide meyeniana,Lipang kalaban,N,11.59945,124.543657
R4NB,Remnant,N,Calophyllum blancoi,Bitang hol,N,11.59945,124.543657
R4NB,Remnant,N,Cratoxylum sumatranum,Paguringon,N,11.59945,124.543657
